{
  "name": "curso",
  "plural": "cursos",
  "base": "PersistedModel",
  "idInjection": true,
  "options": {
    "validateUpsert": true
  },
  "properties": {
    "id": {
      "type": "number"
    },
    "materia": {
      "type": "string",
      "required": true
    },
    "docente": {
      "type": "string",
      "required": true
    },
    "turno": {
      "type": "string",
      "required": true
    }
  },
  "validations": [],
  "relations": {},
  "acls": [],
  "methods": {}
}
