{
  "name": "sife_productos",
  "plural": "sife_productos",
  "base": "PersistedModel",
  "idInjection": true,
  "options": {
    "validateUpsert": true
  },
  "properties": {
    "IdProducto": {
      "type": "string",
      "id": true
    },
    "Producto": {
      "type": "string"
    },
    "IdProdFabrica": {
      "type": "string"
    },
    "IdFamilia": {
      "type": "string"
    },
    "IdGrupo": {
      "type": "string"
    },
    "IdSubGrupo": {
      "type": "string"
    },
    "IdSecProducto": {
      "type": "string"
    },
    "IdDivision": {
      "type": "string"
    },
    "IdTipoMaterial": {
      "type": "string"
    },
    "IdSector": {
      "type": "string"
    },
    "nandina": {
      "type": "string"
    },
    "estadoHomologado": {
      "type": "number"
    },
    "Sector": {
      "type": "string"
    },
    "Familia": {
      "type": "string"
    },
    "Grupo": {
      "type": "string"
    },
    "SubGrupo": {
      "type": "string"
    },
    "codigoCatalogo": {
      "type": "string"
    },
    "catalogo": {
      "type": "string"
    },
    "idCatalogo": {
      "type": "string"
    },
    "division": {
      "type": "string"
    },
    "cuis": {
      "type": "string"
    },
    "unidadMedida": {
      "type": "string"
    },
    "unidadMedidaCod": {
      "type": "number"
    },
    "actEconomica": {
      "type": "string"
    },
    "actEconomicaCod": {
      "type": "number"
    }
  },
  "validations": [],
  "relations": {},
  "acls": [],
  "methods": {}
}
