{
  "name": "sife_sincronizarListaLeyendasFactura",
  "plural": "sife_sincronizarListaLeyendasFactura",
  "base": "PersistedModel",
  "idInjection": false,
  "options": {
    "validateUpsert": false
  },
  "properties": {
    "id": {
      "type": "string",
      "id":true,
       "generated": false
    },
    "codigoClasificador": {
      "type": "number",
      "required": true
    },
    "descripcion": {
      "type": "string",
      "required": true
    },
    "fecha": {
      "type": "string"
    },
    "homologasap": {
      "type":"string"
    }
  },
  "validations": [],
  "relations": {},
  "acls": [],
  "methods": {}
}
