{
  "name": "sife_cufd",
  "plural": "sife_cufd",
  "base": "PersistedModel",
  "idInjection": true,
  "options": {
    "validateUpsert": true
  },
  "properties": {
    "cuis": {
      "type": "string"
    },
    "codigoPDV": {
      "type": "string",
      "id": true,
      "generated": false
    },
    "cufd": {
      "type": "string"
    },
    "fechaVigencia": {
      "type": "string"
    },
    "idUsuario": {
      "type": "string"
    },
    "fechaModificacion": {
      "type": "string"
    },
    "transaccion": {
      "type": "string"
    },
    "listaCodigosRespuestas": {
      "type": "string"
    }
  },
  "validations": [],
  "relations": {},
  "acls": [],
  "methods": {}
}
