{
  "name": "sife_sincronizarListaMensajesServicios",
  "plural": "sife_sincronizarListaMensajesServicios",
  "base": "PersistedModel",
  "idInjection": false,
  "options": {
    "validateUpsert": false
  },
  "properties": {
    "codigoClasificador": {
      "type": "number",
      "id": true
    },
    "descripcion": {
      "type": "string"
    },
    "fecha": {
      "type": "string"
    },
    "homologasap": {
      "type": "string"
    }
  },
  "validations": [],
  "relations": {},
  "acls": [],
  "methods": {}
}
