{
  "name": "sife_dimproducto",
  "plural": "sife_dimproducto",
  "base": "PersistedModel",
  "idInjection": true,
  "options": {
    "validateUpsert": true
  },
  "properties": {
    "IdProducto": {
      "type": "string",
      "id": true
    },
    "Producto": {
      "type": "string"
    },
    "IdProdFabrica": {
      "type": "string"
    },
    "IdProdAS400": {
      "type": "string"
    },
    "PrdBloqueado": {
      "type": "string"
    },
    "IdProdConso": {
      "type": "string"
    },
    "IdProdSBO": {
      "type": "string"
    },
    "IdFamilia": {
      "type": "string"
    },
    "IdGrupo": {
      "type": "string"
    },
    "IdSubGrupo": {
      "type": "string"
    },
    "IdSecProducto": {
      "type": "string"
    },
    "IdDivision": {
      "type": "string"
    },
    "IdTipoMaterial": {
      "type": "string"
    },
    "UMBase": {
      "type": "string"
    },
    "IdSector": {
      "type": "string"
    },
    "PesoBruto": {
      "type": "number"
    },
    "PesoNeto": {
      "type": "number"
    },
    "UnidadPeso": {
      "type": "string"
    },
    "TipoNumeroEAN": {
      "type": "string"
    },
    "NumeroCodigoBarra": {
      "type": "string"
    },
    "LongitudProducto": {
      "type": "number"
    },
    "AnchoProducto": {
      "type": "number"
    },
    "AlturaProducto": {
      "type": "number"
    },
    "UnidadLongitud": {
      "type": "string"
    },
    "Sujeto_Lote": {
      "type": "number"
    },
    "nandina": {
      "type": "string"
    },
    "estadoHomologado": {
      "type": "number"
    },
    "Sector": {
      "type": "number"
    },
    "Familia": {
      "type": "number"
    },
    "Grupo": {
      "type": "number"
    },
    "SubGrupo": {
      "type": "number"
    },
    "codigoCatalogo": {
      "type": "string"
    },
    "catalogo": {
      "type": "string"
    },
    "idCatalogo": {
      "type": "string"
    },
    "division": {
      "type": "string"
    },
    "cuis": {
      "type": "string"
    }
  },
  "validations": [],
  "relations": {},
  "acls": [],
  "methods": {}
}
