{
  "name": "sife_sucursal",
  "plural": "sife_sucursal",
  "base": "PersistedModel",
  "idInjection": true,
  "options": {
    "validateUpsert": true
  },
  "properties": {
    "id": {
      "type": "number"
    },
    "codigoSucursal": {
      "type": "string"
    },
    "cuis": {
      "type": "string"
    },
    "descripcion": {
      "type": "string"
    },
    "estado": {
      "type": "string"
    },
    "direccion": {
      "type": "string"
    },
    "departamento": {
      "type": "string"
    },
    "muncipio": {
      "type": "string"
    },
    "vigencia": {
      "type": "date"
    }
  },
  "validations": [],
  "relations": {},
  "acls": [],
  "methods": {}
}
