{
  "name": "sife_firmaDigital",
  "plural": "sife_firmaDigital",
  "base": "PersistedModel",
  "idInjection": true,
  "options": {
    "validateUpsert": true
  },
  "properties": {
    "id": {
      "type": "number",
      "id": true
    },
    "idUsuario": {
      "type": "string"
    },
    "cuis": {
      "type": "string"
    },
    "firma": {
      "type": "string"
    },
    "fechaRegistro": {
      "type": "date"
    },
    "fechaVigencia": {
      "type": "date"
    },
    "tipo": {
      "type": "string"
    },
    "estado": {
      "type": "number"
    }
  },
  "validations": [],
  "relations": {},
  "acls": [],
  "methods": {}
}
