{
  "name": "sife_facturaElectronica_estado",
  "plural": "sife_facturaElectronica_estado",
  "base": "PersistedModel",
  "idInjection": true,
  "options": {
    "validateUpsert": true
  },
  "properties": {
    "id": {
      "type": "string",
      "id": true
    },
    "cuf": {
      "type": "string"
    },
    "estado": {
      "type": "string"
    },
    "mensaje": {
      "type": "string"
    },
    "CodValidacion": {
      "type": "string"
    },
    "fecha": {
      "type": "date"
    }
  },
  "validations": [],
  "relations": {},
  "acls": [],
  "methods": {}
}
