{
  "name": "sife_facturaElectronica_view",
  "plural": "sife_facturaElectronica_view",
  "base": "PersistedModel",
  "idInjection": true,
  "options": {
    "validateUpsert": true
  },
  "properties": {
    "cuf": {
      "type": "string",
      "id": true
    },
    "cuis": {
      "type": "string"
    },
    "fecha": {
      "type": "date"
    },
    "codigoSucursal": {
      "type": "number"
    },
    "codigoDocumentoFiscal": {
      "type": "number"
    },
    "tipoDocumentoSector": {
      "type": "string"
    },
    "codigoDocumentoSector": {
      "type": "number"
    },
    "codigoExcepcionDocumento": {
      "type": "number"
    },
    "nit": {
      "type": "number"
    },
    "numeroFactura": {
      "type": "number"
    },
    "tipoEmision": {
      "type": "string"
    },
    "estado": {
      "type": "number"
    }
  },
  "validations": [],
  "relations": {},
  "acls": [],
  "methods": {}
}
