{
  "name": "sife_cuis",
  "plural": "sife_cuis",
  "base": "PersistedModel",
  "idInjection": false,
  "options": {
    "validateUpsert": false
  },
  "properties": {
    "id": {
      "type": "number",
      "id": true
    },
    "cuis": {
      "type": "string"
    },
    "nit": {
      "type": "string"
    },
    "nombre": {
      "type": "string"
    },
    "estado": {
      "type": "number"
    }
  },
  "validations": [],
  "relations": {},
  "acls": [],
  "methods": {}
}
