{
  "name": "sife_productos_grupo",
  "plural": "sife_productos_grupo",
  "base": "PersistedModel",
  "idInjection": true,
  "options": {
    "validateUpsert": true
  },
  "properties": {
    "id": {
      "type": "string",
      "id": true
    },
    "IdDivision": {
      "type": "string"
    },
    "IdSecProducto": {
      "type": "string"
    },
    "IdFamilia": {
      "type": "string"
    },
    "IdGrupo": {
      "type": "string"
    },
    "Grupo": {
      "type": "string"
    }
  },
  "validations": [],
  "relations": {},
  "acls": [],
  "methods": {}
}
