{
  "name": "user",
  "base": "User",
  "idInjection": true,
  "properties": {},
  "validations": [],
  "relations": {
    "projects": {
      "type": "hasMany",
      "model": "project",
      "foreignKey": "ownerId"
    },
    "teams": {
      "type": "hasMany",
      "model": "team",
      "foreignKey": "ownerId"
    }
  },
  "acls": [
    {
      "accessType": "EXECUTE",
      "principalType": "ROLE",
      "principalId": "admin",
      "permission": "ALLOW",
      "property": "find"
    }
  ],
  "methods": {}
}
