{
  "db": {
    "name": "db",
    "connector": "memory"
  },
  "qas": {
    "host": "docker-qas.hansa.com.bo",
    "port": 34,
    "url": "",
    "database": "sifedb",
    "password": "sample",
    "name": "qas",
    "user": "root",
    "connector": "mysql",
    "connectionTimeout": 10000
  },
  "mongo_QAS": {
    "host": "docker-qas.hansa.com.bo",
    "port": 33,
    "url": "",
    "database": "sifedb",
    "password": "admin",
    "name": "mongo_QAS",
    "user": "admin",
    "connector": "mongodb"
  }
}
