{
  "_meta": {
    "sources": [
      "loopback/common/models",
      "loopback/server/models",
      "../common/models",
      "./models"
    ],
    "mixins": [
      "loopback/common/mixins",
      "loopback/server/mixins",
      "../common/mixins",
      "./mixins"
    ]
  },
  "User": {
    "dataSource": "qas"
  },
  "AccessToken": {
    "dataSource": "qas",
    "public": false
  },
  "ACL": {
    "dataSource": "qas",
    "public": false
  },
  "RoleMapping": {
    "dataSource": "qas",
    "public": false,
    "options": {
      "strictObjectIDCoercion": true
    }
  },
  "Role": {
    "dataSource": "qas",
    "public": false
  },
  "sife_sincronizar": {
    "dataSource": "qas",
    "public": true
  },
  "sife_sincronizarActividades": {
    "dataSource": "qas",
    "public": true
  },
  "sife_sincronizarListaLeyendasFactura": {
    "dataSource": "qas",
    "public": true
  },
  "sife_sincronizarListaMensajesServicios": {
    "dataSource": "qas",
    "public": true
  },
  "sife_sincronizarListaProductosServicios": {
    "dataSource": "qas",
    "public": true
  },
  "sife_FechaHora": {
    "dataSource": "qas",
    "public": true
  },
  "sife_sincronizarParametricaEventosSignificativos": {
    "dataSource": "qas",
    "public": true
  },
  "sife_sincronizarParametricaMotivoAnulacion": {
    "dataSource": "qas",
    "public": true
  },
  "sife_sincronizarParametricaPaisOrigen": {
    "dataSource": "qas",
    "public": true
  },
  "sife_sincronizarParametricaTipoAmbiente": {
    "dataSource": "qas",
    "public": true
  },
  "sife_sincronizarParametricaTipoComponente": {
    "dataSource": "qas",
    "public": true
  },
  "sife_sincronizarParametricaTipoDepartamento": {
    "dataSource": "qas",
    "public": true
  },
  "sife_sincronizarParametricaTipoDocumentoFiscal": {
    "dataSource": "qas",
    "public": true
  },
  "sife_sincronizarParametricaTipoDocumentoIdentidad": {
    "dataSource": "qas",
    "public": true
  },
  "sife_global": {
    "dataSource": "qas",
    "public": true
  },
  "sife_sincronizarParametricaTipoDocumentoSector": {
    "dataSource": "qas",
    "public": true
  },
  "sife_sincronizarParametricaTipoEmision": {
    "dataSource": "qas",
    "public": true
  },
  "sife_sincronizarParametricaTipoMetodoPago": {
    "dataSource": "qas",
    "public": true
  },
  "sife_sincronizarParametricaTipoModalidad": {
    "dataSource": "qas",
    "public": true
  },
  "sife_sincronizarParametricaTipoMoneda": {
    "dataSource": "qas",
    "public": true
  },
  "sife_sincronizarParametricaTipoPuntoVenta": {
    "dataSource": "qas",
    "public": true
  },
  "sife_sincronizarParametricaUnidadMedida": {
    "dataSource": "qas",
    "public": true
  },
  "sife_FechaHora_H": {
    "dataSource": "qas",
    "public": true
  },
  "sife_pdv": {
    "dataSource": "qas",
    "public": true
  },
  "sife_sincronizar_H": {
    "dataSource": "qas",
    "public": true
  },
  "sife_cuis": {
    "dataSource": "qas",
    "public": true
  },
  "muleRest": {
    "dataSource": "qas",
    "public": true
  },
  "sife_sucursal": {
    "dataSource": "qas",
    "public": true
  },
  "sife_recepcionSolicitudNuevoValorProducto": {
    "dataSource": "qas",
    "public": true
  },
  "sife_cufd": {
    "dataSource": "qas",
    "public": true
  },
  "sife_cufd_H": {
    "dataSource": "qas",
    "public": true
  },
  "view_sife_cufd": {
    "dataSource": "qas",
    "public": true
  },
  "sife_dimproducto": {
    "dataSource": "qas",
    "public": true
  },
  "sife_listas_desplegable": {
    "dataSource": "qas",
    "public": true
  },
  "sife_firmaDigital": {
    "dataSource": "qas",
    "public": true
  },
  "view_sife_divisiones_productos": {
    "dataSource": "qas",
    "public": true
  },
  "view_sife_familia_productos": {
    "dataSource": "qas",
    "public": true
  },
  "view_sife_grupo_productos": {
    "dataSource": "qas",
    "public": true
  },
  "view_sife_sector_productos": {
    "dataSource": "qas",
    "public": true
  },
  "view_sife_subgrupo_productos": {
    "dataSource": "qas",
    "public": true
  },
  "view_sife_catalogos_h": {
    "dataSource": "qas",
    "public": true
  },
  "sife_sincronizarListaProductosServiciosNandina": {
    "dataSource": "qas",
    "public": true
  },
  "sife_facturaElectronica_estado": {
    "dataSource": "qas",
    "public": true
  },
  "sife_plantillaDocumentoFiscal": {
    "dataSource": "qas",
    "public": true
  },
  "sife_user_data": {
    "dataSource": "qas",
    "public": true
  },
  "sife_user_grupo": {
    "dataSource": "qas",
    "public": true
  },
  "sife_grupo": {
    "dataSource": "qas",
    "public": true
  },
  "sife_modulo": {
    "dataSource": "qas",
    "public": true
  },
  "sife_facturaXsd": {
    "dataSource": "qas",
    "public": true
  },
  "view_sife_facturas": {
    "dataSource": "qas",
    "public": true
  },
  "view_sife_facturasTablero": {
    "dataSource": "qas",
    "public": true
  },
  "view_contador_estados_Factura": {
    "dataSource": "qas",
    "public": true
  },
  "sife_facturaElectronica_fe": {
    "dataSource": "mongo_QAS",
    "public": true
  },
  "sife_facturaElectronica_firma": {
    "dataSource": "mongo_QAS",
    "public": true
  },
  "sife_facturaElectronica": {
    "dataSource": "mongo_QAS",
    "public": true
  },
  "sife_facturaElectronica_h": {
    "dataSource": "qas",
    "public": true
  },
  "sife_facturaElectronica_view": {
    "dataSource": "mongo_QAS",
    "public": true
  },
  "sife_productos": {
    "dataSource": "mongo_QAS",
    "public": true
  },
  "sife_pdv_h": {
    "dataSource": "qas",
    "public": true
  },
  "sife_productos_familia": {
    "dataSource": "mongo_QAS",
    "public": true
  },
  "sife_productos_sector": {
    "dataSource": "mongo_QAS",
    "public": true
  },
  "sife_productos_divisiones": {
    "dataSource": "mongo_QAS",
    "public": true
  },
  "sife_productos_grupo": {
    "dataSource": "mongo_QAS",
    "public": true
  },
  "sife_productos_SubGrupo": {
    "dataSource": "mongo_QAS",
    "public": true
  },
  "test": {
    "dataSource": "qas",
    "public": true
  }
}
